{"sections":{"main":{"type":"main-article","blocks":{"featured_image":{"type":"featured_image","settings":{"image_height":"adapt"}},"title":{"type":"title","settings":{"blog_show_date":true,"blog_show_author":false}},"share":{"type":"share","settings":{"share_label":"Share"}},"content":{"type":"content","settings":{}}},"block_order":["featured_image","title","share","content"],"settings":{}},"newsletter":{"type":"newsletter","blocks":{"heading":{"type":"heading","settings":{"heading":"Stay in the know","heading_size":"h2"}},"email-form":{"type":"email_form","settings":{}},"paragraph":{"type":"paragraph","settings":{"text":"<p>Follow us on social media<\/p>"}}},"block_order":["heading","email-form","paragraph"],"settings":{"color_scheme":"accent-1","full_width":true,"padding_top":44,"padding_bottom":8}}},"order":["main","newsletter"]}