{"sections":{"cart-items":{"type":"main-cart-items","settings":{"padding_top":36,"padding_bottom":36}},"cart-footer":{"type":"main-cart-footer","blocks":{"subtotal":{"type":"subtotal","settings":{}},"buttons":{"type":"buttons","settings":{}}},"block_order":["subtotal","buttons"],"settings":{}},"multicolumn":{"type":"multicolumn","blocks":{"column-1":{"type":"column","settings":{"title":"","text":"","link_label":"","link":""}},"column-2":{"type":"column","settings":{"title":"We love them, you love them.","text":"","link_label":"Shop our bestsellers","link":"shopify:\/\/collections\/all"}},"column-3":{"type":"column","settings":{"title":"","text":"","link_label":"","link":""}},"column-4":{"type":"column","settings":{"title":"","text":"","link_label":"","link":""}}},"block_order":["column-1","column-2","column-3","column-4"],"settings":{"title":"","heading_size":"h1","image_width":"full","image_ratio":"adapt","columns_desktop":4,"column_alignment":"left","background_style":"none","button_label":"","button_link":"","color_scheme":"background-1","columns_mobile":"1","swipe_on_mobile":false,"padding_top":64,"padding_bottom":0}},"featured-collection":{"type":"featured-collection","settings":{"title":"","heading_size":"h2","description":"","show_description":false,"description_style":"body","collection":"all","products_to_show":8,"columns_desktop":4,"full_width":false,"show_view_all":false,"view_all_style":"solid","enable_desktop_slider":false,"color_scheme":"background-1","image_ratio":"portrait","show_secondary_image":false,"show_vendor":false,"show_rating":false,"enable_quick_add":false,"columns_mobile":"2","swipe_on_mobile":false,"padding_top":0,"padding_bottom":40}},"newsletter":{"type":"newsletter","blocks":{"heading":{"type":"heading","settings":{"heading":"Stay in the know","heading_size":"h2"}},"email-form":{"type":"email_form","settings":{}},"paragraph":{"type":"paragraph","settings":{"text":"<p>Follow us on social media<\/p>"}}},"block_order":["heading","email-form","paragraph"],"settings":{"color_scheme":"accent-1","full_width":true,"padding_top":44,"padding_bottom":8}}},"order":["cart-items","cart-footer","multicolumn","featured-collection","newsletter"]}