{"sections":{"collage":{"type":"collage","blocks":{"image-1":{"type":"image","settings":{"image":"shopify:\/\/shop_images\/Untitled_design_89.png","image_padding":false}},"image-2":{"type":"image","settings":{"image":"shopify:\/\/shop_images\/Untitled_design_91.png","image_padding":false}},"image-3":{"type":"image","settings":{"image":"shopify:\/\/shop_images\/Untitled_design_84.png","image_padding":false}}},"block_order":["image-1","image-2","image-3"],"settings":{"heading":"","heading_size":"h1","desktop_layout":"left","mobile_layout":"column","card_styles":"product-card-wrapper","color_scheme":"background-1","padding_top":0,"padding_bottom":0}},"multicolumn":{"type":"multicolumn","blocks":{"column-1":{"type":"column","settings":{"title":"","text":"","link_label":"","link":""}},"column-2":{"type":"column","settings":{"title":"","text":"","link_label":"Exclusive Collections click here","link":"shopify:\/\/collections\/exclusive-items"}},"column-3":{"type":"column","settings":{"title":"","text":"","link_label":"","link":""}}},"block_order":["column-1","column-2","column-3"],"settings":{"title":"","heading_size":"h1","image_width":"full","image_ratio":"adapt","columns_desktop":3,"column_alignment":"left","background_style":"none","button_label":"","button_link":"shopify:\/\/collections\/exclusive-items","color_scheme":"background-1","columns_mobile":"1","swipe_on_mobile":false,"padding_top":0,"padding_bottom":8}},"collage-1":{"type":"collage","blocks":{"image-1":{"type":"image","settings":{"image":"shopify:\/\/shop_images\/BC15C_BaseballCap_Royal_White_600x_c7f53106-61f1-4bf3-a4f0-8647c6f57476.webp","image_padding":false}},"image-2":{"type":"image","settings":{"image":"shopify:\/\/shop_images\/Mateix_System_Jacket_Black.png","image_padding":false}}},"block_order":["image-1","image-2"],"settings":{"heading":"","heading_size":"h1","desktop_layout":"right","mobile_layout":"collage","card_styles":"product-card-wrapper","color_scheme":"background-1","padding_top":0,"padding_bottom":16}},"collage-2":{"type":"collage","blocks":{"image":{"type":"image","settings":{"image":"shopify:\/\/shop_images\/Untitled_design_-_2023-01-09T145000.552.png","image_padding":false}}},"block_order":["image"],"settings":{"heading":"","heading_size":"h1","desktop_layout":"left","mobile_layout":"collage","card_styles":"product-card-wrapper","color_scheme":"background-1","padding_top":4,"padding_bottom":0}},"multicolumn-1":{"type":"multicolumn","blocks":{"column-1":{"type":"column","disabled":true,"settings":{"title":"Introduce a set of collections that give your customers different ways to browse your products.","text":"","link_label":"","link":""}},"column-2":{"type":"column","settings":{"title":"","text":"","link_label":"","link":""}},"column-3":{"type":"column","settings":{"title":"","text":"","link_label":"","link":""}}},"block_order":["column-1","column-2","column-3"],"settings":{"title":"","heading_size":"h1","image_width":"third","image_ratio":"adapt","columns_desktop":3,"column_alignment":"left","background_style":"none","button_label":"","button_link":"","color_scheme":"background-1","columns_mobile":"1","swipe_on_mobile":false,"padding_top":64,"padding_bottom":28}},"multicolumn-2":{"type":"multicolumn","blocks":{"column-1":{"type":"column","settings":{"image":"shopify:\/\/shop_images\/Featured_Collection-_2023-01-09T125045.378.png","title":"","text":"","link_label":"Featured collection","link":"shopify:\/\/collections\/featured-items"}},"column-2":{"type":"column","settings":{"image":"shopify:\/\/shop_images\/Men_s_Collection-_2023-01-09T122719.993.png","title":"","text":"","link_label":"Men's Hoodie","link":"shopify:\/\/collections\/mens-hoodie"}},"column-3":{"type":"column","settings":{"image":"shopify:\/\/shop_images\/Women_Jacket_-_2023-01-09T123322.342.png","title":"","text":"","link_label":"Women Jacket Coat","link":"shopify:\/\/collections\/women-jacket-coat"}},"column-4":{"type":"column","settings":{"image":"shopify:\/\/shop_images\/Men_s_Polo_Shirt_-_2023-01-09T123709.048.png","title":"","text":"","link_label":"Men's Polo Shirt","link":"shopify:\/\/collections\/mens-polo-shirt"}}},"block_order":["column-1","column-2","column-3","column-4"],"settings":{"title":"","heading_size":"h1","image_width":"half","image_ratio":"adapt","columns_desktop":4,"column_alignment":"left","background_style":"none","button_label":"","button_link":"","color_scheme":"background-1","columns_mobile":"2","swipe_on_mobile":false,"padding_top":0,"padding_bottom":36}},"image-with-text":{"type":"image-with-text","disabled":true,"blocks":{"heading":{"type":"heading","settings":{"heading":"Image with text","heading_size":"h2"}},"caption":{"type":"caption","settings":{"caption":"add a tagline","text_style":"caption-with-letter-spacing","text_size":"medium"}},"text":{"type":"text","settings":{"text":"<p>Pair text with an image to share one of your key brand values.<\/p>","text_style":"subtitle"}}},"block_order":["heading","caption","text"],"settings":{"height":"adapt","desktop_image_width":"medium","layout":"image_first","desktop_content_position":"top","desktop_content_alignment":"left","content_layout":"no-overlap","color_scheme":"background-2","mobile_content_alignment":"left","padding_top":0,"padding_bottom":0}},"image-with-text-1":{"type":"image-with-text","disabled":true,"blocks":{"heading":{"type":"heading","settings":{"heading":"Image with text","heading_size":"h2"}},"caption":{"type":"caption","settings":{"caption":"Add a tagline","text_style":"caption-with-letter-spacing","text_size":"medium"}},"text":{"type":"text","settings":{"text":"<p>Pair text with an image to share one of your key brand values.<\/p>","text_style":"subtitle"}}},"block_order":["heading","caption","text"],"settings":{"height":"adapt","desktop_image_width":"medium","layout":"text_first","desktop_content_position":"top","desktop_content_alignment":"left","content_layout":"no-overlap","color_scheme":"accent-1","mobile_content_alignment":"left","padding_top":0,"padding_bottom":0}},"image-with-text-2":{"type":"image-with-text","disabled":true,"blocks":{"heading":{"type":"heading","settings":{"heading":"Image with text","heading_size":"h2"}},"caption":{"type":"caption","settings":{"caption":"Add a tagline","text_style":"caption-with-letter-spacing","text_size":"medium"}},"text":{"type":"text","settings":{"text":"<p>Pair text with an image to share one of your key brand values.<\/p>","text_style":"subtitle"}}},"block_order":["heading","caption","text"],"settings":{"height":"adapt","desktop_image_width":"medium","layout":"image_first","desktop_content_position":"top","desktop_content_alignment":"left","content_layout":"no-overlap","color_scheme":"accent-2","mobile_content_alignment":"left","padding_top":0,"padding_bottom":0}},"multicolumn-3":{"type":"multicolumn","blocks":{"column-1":{"type":"column","settings":{"title":"","text":"","link_label":"","link":""}},"column-2":{"type":"column","settings":{"image":"shopify:\/\/shop_images\/Untitled_design_-_2023-01-10T094414.056.png","title":"","text":"","link_label":"Choose from Here:","link":"shopify:\/\/collections\/all"}},"column-3":{"type":"column","settings":{"title":"","text":"","link_label":"","link":""}},"column-4":{"type":"column","settings":{"title":"","text":"","link_label":"","link":""}}},"block_order":["column-1","column-2","column-3","column-4"],"settings":{"title":"","heading_size":"h1","image_width":"third","image_ratio":"adapt","columns_desktop":4,"column_alignment":"left","background_style":"none","button_label":"","button_link":"","color_scheme":"background-1","columns_mobile":"1","swipe_on_mobile":false,"padding_top":64,"padding_bottom":0}},"featured-collection":{"type":"featured-collection","settings":{"title":"","heading_size":"h1","description":"","show_description":false,"description_style":"body","collection":"featured-items","products_to_show":4,"columns_desktop":4,"full_width":false,"show_view_all":false,"view_all_style":"solid","enable_desktop_slider":false,"color_scheme":"background-1","image_ratio":"portrait","show_secondary_image":false,"show_vendor":false,"show_rating":false,"enable_quick_add":false,"columns_mobile":"1","swipe_on_mobile":false,"padding_top":0,"padding_bottom":44}},"page":{"type":"page","disabled":true,"settings":{"page":"","heading_size":"h1","color_scheme":"accent-1","padding_top":64,"padding_bottom":4}},"multicolumn-4":{"type":"multicolumn","disabled":true,"blocks":{"column-1":{"type":"column","disabled":true,"settings":{"title":"Use this space to share some information about your brand's history or values.","text":"","link_label":"","link":""}},"column-2":{"type":"column","settings":{"title":"","text":"","link_label":"","link":""}},"column-3":{"type":"column","settings":{"title":"","text":"","link_label":"","link":""}},"column-4":{"type":"column","disabled":true,"settings":{"title":"Share contact information, store details, and brand content with your customers.","text":"","link_label":"Learn more about us","link":""}}},"block_order":["column-1","column-2","column-3","column-4"],"settings":{"title":"","heading_size":"h1","image_width":"full","image_ratio":"adapt","columns_desktop":2,"column_alignment":"left","background_style":"none","button_label":"","button_link":"","color_scheme":"accent-1","columns_mobile":"1","swipe_on_mobile":false,"padding_top":36,"padding_bottom":100}},"newsletter":{"type":"newsletter","disabled":true,"blocks":{"paragraph":{"type":"paragraph","disabled":true,"settings":{"text":""}},"email-form":{"type":"email_form","settings":{}},"heading":{"type":"heading","settings":{"heading":"Subscribe Now","heading_size":"h2"}}},"block_order":["paragraph","email-form","heading"],"settings":{"color_scheme":"accent-1","full_width":true,"padding_top":44,"padding_bottom":8}},"4ac64dab-00f5-419d-8f3d-245133c32715":{"type":"contact-form","settings":{"heading":"Sign Up Now","heading_size":"h1","color_scheme":"background-1","padding_top":36,"padding_bottom":36}}},"order":["collage","multicolumn","collage-1","collage-2","multicolumn-1","multicolumn-2","image-with-text","image-with-text-1","image-with-text-2","multicolumn-3","featured-collection","page","multicolumn-4","newsletter","4ac64dab-00f5-419d-8f3d-245133c32715"]}