{"sections":{"main":{"type":"main-page","settings":{"padding_top":52,"padding_bottom":32}},"slideshow":{"type":"slideshow","blocks":{"slide-1":{"type":"slide","settings":{"heading":"","heading_size":"medium","subheading":"","button_label":"","link":"","button_style_secondary":false,"box_align":"middle-center","show_text_box":false,"text_alignment":"center","image_overlay_opacity":0,"color_scheme":"background-1","text_alignment_mobile":"center"}}},"block_order":["slide-1"],"settings":{"layout":"full_bleed","slide_height":"adapt_image","slider_visual":"counter","auto_rotate":false,"change_slides_speed":5,"show_text_below":false,"accessibility_info":""}},"multicolumn-1":{"type":"multicolumn","blocks":{"column-1":{"type":"column","settings":{"title":"Introduce your brand's story.","text":"","link_label":"","link":""}},"column-2":{"type":"column","settings":{"title":"Share what you value, and what you strive to create for your customers.","text":"","link_label":"","link":""}},"column-3":{"type":"column","settings":{"title":"","text":"","link_label":"","link":""}}},"block_order":["column-1","column-2","column-3"],"settings":{"title":"","heading_size":"h1","image_width":"full","image_ratio":"adapt","columns_desktop":3,"column_alignment":"left","background_style":"none","button_label":"","button_link":"","color_scheme":"accent-2","columns_mobile":"1","swipe_on_mobile":false,"padding_top":36,"padding_bottom":0}},"multicolumn-2":{"type":"multicolumn","blocks":{"column-1":{"type":"column","settings":{"title":"","text":"","link_label":"","link":""}},"column-2":{"type":"column","settings":{"title":"Include some information about your brand's origins or founders.","text":"","link_label":"","link":""}},"column-3":{"type":"column","settings":{"title":"Consider adding an image to this column for more visual interest.","text":"","link_label":"","link":""}}},"block_order":["column-1","column-2","column-3"],"settings":{"title":"","heading_size":"h1","image_width":"full","image_ratio":"adapt","columns_desktop":3,"column_alignment":"left","background_style":"none","button_label":"","button_link":"","color_scheme":"accent-2","columns_mobile":"1","swipe_on_mobile":false,"padding_top":32,"padding_bottom":0}},"multicolumn-3":{"type":"multicolumn","blocks":{"column-1":{"type":"column","settings":{"title":"Continue the story of your brand.","text":"","link_label":"","link":""}},"column-2":{"type":"column","settings":{"title":"Consider adding an image to this column for more visual interest.","text":"","link_label":"","link":""}}},"block_order":["column-1","column-2"],"settings":{"title":"","heading_size":"h1","image_width":"half","image_ratio":"adapt","columns_desktop":2,"column_alignment":"left","background_style":"none","button_label":"","button_link":"","color_scheme":"accent-2","columns_mobile":"1","swipe_on_mobile":false,"padding_top":36,"padding_bottom":0}},"multicolumn-4":{"type":"multicolumn","blocks":{"column-1":{"type":"column","settings":{"title":"Continue the story of your brand.","text":"","link_label":"","link":""}}},"block_order":["column-1"],"settings":{"title":"","heading_size":"h1","image_width":"half","image_ratio":"adapt","columns_desktop":3,"column_alignment":"left","background_style":"none","button_label":"","button_link":"","color_scheme":"accent-2","columns_mobile":"1","swipe_on_mobile":false,"padding_top":36,"padding_bottom":24}},"rich-text":{"type":"rich-text","blocks":{"heading":{"type":"heading","settings":{"heading":"<p>Share a key point about your brand<\/p>","heading_size":"h0"}}},"block_order":["heading"],"settings":{"desktop_content_position":"center","content_alignment":"center","color_scheme":"background-1","full_width":false,"padding_top":76,"padding_bottom":24}},"multicolumn-5":{"type":"multicolumn","blocks":{"column-1":{"type":"column","settings":{"title":"Describe the key point and how it benefits your customers.","text":"","link_label":"","link":""}},"column-2":{"type":"column","settings":{"title":"Describe the key point and how it benefits your customers.","text":"","link_label":"","link":""}}},"block_order":["column-1","column-2"],"settings":{"title":"","heading_size":"h1","image_width":"half","image_ratio":"adapt","columns_desktop":2,"column_alignment":"left","background_style":"none","button_label":"","button_link":"","color_scheme":"background-1","columns_mobile":"1","swipe_on_mobile":false,"padding_top":36,"padding_bottom":0}},"collage-1":{"type":"collage","blocks":{"image":{"type":"image","settings":{"image_padding":false}}},"block_order":["image"],"settings":{"heading":"","heading_size":"h1","desktop_layout":"left","mobile_layout":"collage","card_styles":"product-card-wrapper","color_scheme":"background-1","padding_top":8,"padding_bottom":12}},"collage-2":{"type":"collage","blocks":{"image-1":{"type":"image","settings":{"image_padding":false}},"image-2":{"type":"image","settings":{"image_padding":false}},"image-3":{"type":"image","settings":{"image_padding":false}}},"block_order":["image-1","image-2","image-3"],"settings":{"heading":"","heading_size":"h1","desktop_layout":"right","mobile_layout":"collage","card_styles":"product-card-wrapper","color_scheme":"background-1","padding_top":0,"padding_bottom":80}},"newsletter":{"type":"newsletter","blocks":{"heading":{"type":"heading","settings":{"heading":"Stay in the know","heading_size":"h2"}},"email-form":{"type":"email_form","settings":{}},"paragraph":{"type":"paragraph","settings":{"text":"<p>Follow us on social media<\/p>"}}},"block_order":["heading","email-form","paragraph"],"settings":{"color_scheme":"accent-1","full_width":true,"padding_top":44,"padding_bottom":8}}},"order":["main","slideshow","multicolumn-1","multicolumn-2","multicolumn-3","multicolumn-4","rich-text","multicolumn-5","collage-2","collage-1","newsletter"]}