{"layout":"password","sections":{"rich-text":{"type":"rich-text","blocks":{"heading":{"type":"heading","settings":{"heading":"<p>Launching soon<\/p>","heading_size":"h0"}}},"block_order":["heading"],"settings":{"desktop_content_position":"center","content_alignment":"center","color_scheme":"background-1","full_width":true,"padding_top":40,"padding_bottom":0}},"newsletter":{"type":"newsletter","blocks":{"paragraph":{"type":"paragraph","settings":{"text":"<p>Be the first to know when we launch.<\/p>"}},"email-form":{"type":"email_form","settings":{}}},"block_order":["paragraph","email-form"],"settings":{"color_scheme":"background-1","full_width":true,"padding_top":40,"padding_bottom":52}}},"order":["rich-text","newsletter"]}