{"sections":{"main":{"type":"main-product","blocks":{"vendor":{"type":"text","settings":{"text":"{{ product.vendor }}","text_style":"body"}},"title":{"type":"title","settings":{}},"product-rating":{"type":"rating","settings":{}},"price":{"type":"price","settings":{}},"share":{"type":"share","settings":{"share_label":"Share"}},"variant_picker":{"type":"variant_picker","settings":{"picker_type":"dropdown"}},"quantity_selector":{"type":"quantity_selector","settings":{}},"buy_buttons":{"type":"buy_buttons","settings":{"show_dynamic_checkout":true}},"description":{"type":"description","settings":{}},"popup":{"type":"popup","settings":{"text":"Size chart","page":""}}},"block_order":["vendor","title","product-rating","price","share","variant_picker","quantity_selector","buy_buttons","description","popup"],"settings":{"enable_sticky_info":false,"media_position":"left","gallery_layout":"stacked","media_size":"medium","mobile_thumbnails":"show","hide_variants":true,"enable_video_looping":false,"padding_top":36,"padding_bottom":36}},"rich-text":{"type":"rich-text","disabled":true,"settings":{"desktop_content_position":"center","content_alignment":"center","color_scheme":"accent-2","full_width":true,"padding_top":64,"padding_bottom":24}},"multicolumn":{"type":"multicolumn","disabled":true,"settings":{"title":"","heading_size":"h1","image_width":"full","image_ratio":"adapt","columns_desktop":3,"column_alignment":"left","background_style":"none","button_label":"","button_link":"","color_scheme":"accent-2","columns_mobile":"1","swipe_on_mobile":false,"padding_top":36,"padding_bottom":0}},"multicolumn-3":{"type":"multicolumn","blocks":{"column-1":{"type":"column","disabled":true,"settings":{"title":"Introduce a set of collections that give your customers different ways to browse your products.","text":"","link_label":"","link":""}},"column-2":{"type":"column","settings":{"title":"","text":"","link_label":"","link":""}}},"block_order":["column-1","column-2"],"settings":{"title":"","heading_size":"h1","image_width":"half","image_ratio":"adapt","columns_desktop":3,"column_alignment":"left","background_style":"none","button_label":"","button_link":"","color_scheme":"background-1","columns_mobile":"1","swipe_on_mobile":false,"padding_top":64,"padding_bottom":0}},"multicolumn-4":{"type":"multicolumn","blocks":{"column-1":{"type":"column","settings":{"title":"","text":"","link_label":"Example collection","link":""}},"column-2":{"type":"column","settings":{"title":"","text":"","link_label":"Example collection","link":""}},"column-3":{"type":"column","settings":{"title":"","text":"","link_label":"Example collection","link":""}},"column-4":{"type":"column","settings":{"title":"","text":"","link_label":"Example collection","link":""}}},"block_order":["column-1","column-2","column-3","column-4"],"settings":{"title":"","heading_size":"h1","image_width":"half","image_ratio":"adapt","columns_desktop":4,"column_alignment":"left","background_style":"none","button_label":"","button_link":"","color_scheme":"background-1","columns_mobile":"2","swipe_on_mobile":false,"padding_top":36,"padding_bottom":24}},"multicolumn-5":{"type":"multicolumn","blocks":{"column-1":{"type":"column","settings":{"title":"","text":"","link_label":"","link":""}},"column-2":{"type":"column","settings":{"title":"","text":"","link_label":"","link":""}},"column-3":{"type":"column","settings":{"title":"","text":"","link_label":"","link":""}},"column-4":{"type":"column","settings":{"title":"","text":"","link_label":"","link":""}}},"block_order":["column-1","column-2","column-3","column-4"],"settings":{"title":"","heading_size":"h1","image_width":"half","image_ratio":"adapt","columns_desktop":4,"column_alignment":"left","background_style":"none","button_label":"","button_link":"","color_scheme":"background-1","columns_mobile":"1","swipe_on_mobile":false,"padding_top":0,"padding_bottom":20}},"product-recommendations":{"type":"product-recommendations","settings":{"heading":"You may also like","heading_size":"h2","products_to_show":4,"columns_desktop":4,"color_scheme":"background-1","image_ratio":"portrait","show_secondary_image":false,"show_vendor":false,"show_rating":false,"columns_mobile":"1","padding_top":0,"padding_bottom":44}},"multicolumn-6":{"type":"multicolumn","disabled":true,"blocks":{"column-1":{"type":"column","settings":{"title":"List your shipping policy","text":"","link_label":"","link":""}},"column-2":{"type":"column","settings":{"title":"","text":"","link_label":"","link":""}}},"block_order":["column-1","column-2"],"settings":{"title":"","heading_size":"h2","image_width":"full","image_ratio":"adapt","columns_desktop":3,"column_alignment":"left","background_style":"none","button_label":"","button_link":"","color_scheme":"inverse","columns_mobile":"1","swipe_on_mobile":false,"padding_top":48,"padding_bottom":0}},"multicolumn-7":{"type":"multicolumn","blocks":{"column-1":{"type":"column","disabled":true,"settings":{"title":"Share your domestic shipping prices","text":"","link_label":"","link":""}},"column-2":{"type":"column","disabled":true,"settings":{"title":"Share your international shipping prices","text":"","link_label":"","link":""}}},"block_order":["column-1","column-2"],"settings":{"title":"","heading_size":"h1","image_width":"full","image_ratio":"adapt","columns_desktop":3,"column_alignment":"left","background_style":"none","button_label":"","button_link":"","color_scheme":"inverse","columns_mobile":"1","swipe_on_mobile":false,"padding_top":0,"padding_bottom":20}},"newsletter":{"type":"newsletter","blocks":{"heading":{"type":"heading","settings":{"heading":"Stay in the know","heading_size":"h2"}},"email-form":{"type":"email_form","settings":{}},"paragraph":{"type":"paragraph","settings":{"text":"<p>Follow us on social media<\/p>"}}},"block_order":["heading","email-form","paragraph"],"settings":{"color_scheme":"accent-1","full_width":true,"padding_top":44,"padding_bottom":8}}},"order":["main","rich-text","multicolumn","multicolumn-3","multicolumn-4","multicolumn-5","product-recommendations","multicolumn-6","multicolumn-7","newsletter"]}