{"current":{"colors_solid_button_labels":"#0000ff","colors_accent_1":"#e7ecff","gradient_accent_1":"","colors_accent_2":"#ffe6e6","gradient_accent_2":"","colors_text":"#0000ff","colors_outline_button_labels":"#e10000","colors_background_1":"#ffffff","gradient_background_1":"","colors_background_2":"#fffce7","gradient_background_2":"","type_header_font":"futura_n5","heading_scale":130,"type_body_font":"futura_n5","body_scale":130,"page_width":1000,"spacing_sections":0,"spacing_grid_horizontal":16,"spacing_grid_vertical":16,"buttons_border_thickness":1,"buttons_border_opacity":100,"buttons_radius":0,"buttons_shadow_opacity":0,"buttons_shadow_horizontal_offset":0,"buttons_shadow_vertical_offset":4,"buttons_shadow_blur":5,"variant_pills_border_thickness":1,"variant_pills_border_opacity":100,"variant_pills_radius":0,"variant_pills_shadow_opacity":0,"variant_pills_shadow_horizontal_offset":0,"variant_pills_shadow_vertical_offset":4,"variant_pills_shadow_blur":5,"inputs_border_thickness":1,"inputs_border_opacity":100,"inputs_radius":0,"inputs_shadow_opacity":0,"inputs_shadow_horizontal_offset":0,"inputs_shadow_vertical_offset":4,"inputs_shadow_blur":5,"card_style":"standard","card_image_padding":0,"card_text_alignment":"left","card_color_scheme":"accent-2","card_border_thickness":0,"card_border_opacity":10,"card_corner_radius":0,"card_shadow_opacity":0,"card_shadow_horizontal_offset":0,"card_shadow_vertical_offset":4,"card_shadow_blur":5,"collection_card_style":"standard","collection_card_image_padding":0,"collection_card_text_alignment":"left","collection_card_color_scheme":"accent-2","collection_card_border_thickness":0,"collection_card_border_opacity":10,"collection_card_corner_radius":0,"collection_card_shadow_opacity":0,"collection_card_shadow_horizontal_offset":0,"collection_card_shadow_vertical_offset":4,"collection_card_shadow_blur":5,"blog_card_style":"standard","blog_card_image_padding":0,"blog_card_text_alignment":"left","blog_card_color_scheme":"accent-2","blog_card_border_thickness":0,"blog_card_border_opacity":10,"blog_card_corner_radius":0,"blog_card_shadow_opacity":0,"blog_card_shadow_horizontal_offset":0,"blog_card_shadow_vertical_offset":4,"blog_card_shadow_blur":5,"text_boxes_border_thickness":0,"text_boxes_border_opacity":10,"text_boxes_radius":0,"text_boxes_shadow_opacity":0,"text_boxes_shadow_horizontal_offset":0,"text_boxes_shadow_vertical_offset":4,"text_boxes_shadow_blur":5,"media_border_thickness":0,"media_border_opacity":10,"media_radius":0,"media_shadow_opacity":0,"media_shadow_horizontal_offset":0,"media_shadow_vertical_offset":4,"media_shadow_blur":5,"popup_border_thickness":1,"popup_border_opacity":10,"popup_corner_radius":16,"popup_shadow_opacity":0,"popup_shadow_horizontal_offset":0,"popup_shadow_vertical_offset":4,"popup_shadow_blur":5,"drawer_border_thickness":1,"drawer_border_opacity":10,"drawer_shadow_opacity":0,"drawer_shadow_horizontal_offset":0,"drawer_shadow_vertical_offset":4,"drawer_shadow_blur":5,"badge_position":"bottom left","badge_corner_radius":16,"sale_badge_color_scheme":"accent-2","sold_out_badge_color_scheme":"inverse","accent_icons":"outline-button","social_twitter_link":"https:\/\/twitter.com\/Moniruz78470752","social_facebook_link":"https:\/\/www.facebook.com\/ZeroOneSourcing","social_pinterest_link":"","social_instagram_link":"https:\/\/www.instagram.com\/shohelaliflam\/","social_tiktok_link":"","social_tumblr_link":"","social_snapchat_link":"","social_youtube_link":"https:\/\/www.youtube.com\/@shohel-monir","social_vimeo_link":"","predictive_search_enabled":true,"predictive_search_show_vendor":false,"predictive_search_show_price":true,"currency_code_enabled":true,"cart_type":"notification","show_vendor":false,"show_cart_note":false,"sections":{"announcement-bar":{"type":"announcement-bar","blocks":{"announcement-bar-0":{"type":"announcement","settings":{"text":"","text_alignment":"center","color_scheme":"accent-2","link":""}}},"block_order":["announcement-bar-0"],"settings":{}},"header":{"type":"header","settings":{"color_scheme":"background-2","logo":"shopify:\/\/shop_images\/logo_transparent.png","logo_width":180,"logo_position":"top-center","menu":"main-menu","menu_type_desktop":"dropdown","show_line_separator":false,"enable_sticky_header":true,"mobile_logo_position":"center","margin_bottom":0,"padding_top":0,"padding_bottom":0}},"footer":{"type":"footer","blocks":{"8fd80b79-9894-4674-92da-ba9998d47345":{"type":"link_list","settings":{"heading":"","menu":"footer"}},"d9a0a88b-bf32-4b62-aa0a-805fc2b763f1":{"type":"text","settings":{"heading":"","subtext":""}}},"block_order":["8fd80b79-9894-4674-92da-ba9998d47345","d9a0a88b-bf32-4b62-aa0a-805fc2b763f1"],"settings":{"color_scheme":"accent-2","newsletter_enable":false,"newsletter_heading":"Subscribe Now","show_social":true,"enable_country_selector":true,"enable_language_selector":false,"payment_enable":true,"margin_top":0,"padding_top":0,"padding_bottom":32}},"main-password-header":{"type":"main-password-header","settings":{"logo":"{{ shop.brand.logo }}","logo_max_width":100,"color_scheme":"background-1"}},"main-password-footer":{"type":"main-password-footer","settings":{"color_scheme":"background-1"}}},"content_for_index":[]},"presets":{"Default":{"colors_solid_button_labels":"#0000ff","colors_accent_1":"#e7ecff","gradient_accent_1":"","colors_accent_2":"#ffe6e6","gradient_accent_2":"","colors_text":"#0000ff","colors_outline_button_labels":"#e10000","colors_background_1":"#ffffff","gradient_background_1":"","colors_background_2":"#fffce7","gradient_background_2":"","type_header_font":"futura_n5","heading_scale":130,"type_body_font":"futura_n5","body_scale":130,"page_width":1000,"spacing_sections":0,"spacing_grid_horizontal":16,"spacing_grid_vertical":16,"buttons_border_thickness":1,"buttons_border_opacity":100,"buttons_radius":0,"buttons_shadow_opacity":0,"buttons_shadow_horizontal_offset":0,"buttons_shadow_vertical_offset":4,"buttons_shadow_blur":5,"variant_pills_border_thickness":1,"variant_pills_border_opacity":100,"variant_pills_radius":0,"variant_pills_shadow_opacity":0,"variant_pills_shadow_horizontal_offset":0,"variant_pills_shadow_vertical_offset":4,"variant_pills_shadow_blur":5,"inputs_border_thickness":1,"inputs_border_opacity":100,"inputs_radius":0,"inputs_shadow_opacity":0,"inputs_shadow_horizontal_offset":0,"inputs_shadow_vertical_offset":4,"inputs_shadow_blur":5,"card_style":"standard","card_image_padding":0,"card_text_alignment":"left","card_color_scheme":"accent-2","card_border_thickness":0,"card_border_opacity":10,"card_corner_radius":0,"card_shadow_opacity":0,"card_shadow_horizontal_offset":0,"card_shadow_vertical_offset":4,"card_shadow_blur":5,"collection_card_style":"standard","collection_card_image_padding":0,"collection_card_text_alignment":"left","collection_card_color_scheme":"accent-2","collection_card_border_thickness":0,"collection_card_border_opacity":10,"collection_card_corner_radius":0,"collection_card_shadow_opacity":0,"collection_card_shadow_horizontal_offset":0,"collection_card_shadow_vertical_offset":4,"collection_card_shadow_blur":5,"blog_card_style":"standard","blog_card_image_padding":0,"blog_card_text_alignment":"left","blog_card_color_scheme":"accent-2","blog_card_border_thickness":0,"blog_card_border_opacity":10,"blog_card_corner_radius":0,"blog_card_shadow_opacity":0,"blog_card_shadow_horizontal_offset":0,"blog_card_shadow_vertical_offset":4,"blog_card_shadow_blur":5,"text_boxes_border_thickness":0,"text_boxes_border_opacity":10,"text_boxes_radius":0,"text_boxes_shadow_opacity":0,"text_boxes_shadow_horizontal_offset":0,"text_boxes_shadow_vertical_offset":4,"text_boxes_shadow_blur":5,"media_border_thickness":0,"media_border_opacity":10,"media_radius":0,"media_shadow_opacity":0,"media_shadow_horizontal_offset":0,"media_shadow_vertical_offset":4,"media_shadow_blur":5,"popup_border_thickness":1,"popup_border_opacity":10,"popup_corner_radius":16,"popup_shadow_opacity":0,"popup_shadow_horizontal_offset":0,"popup_shadow_vertical_offset":4,"popup_shadow_blur":5,"drawer_border_thickness":1,"drawer_border_opacity":10,"drawer_shadow_opacity":0,"drawer_shadow_horizontal_offset":0,"drawer_shadow_vertical_offset":4,"drawer_shadow_blur":5,"badge_position":"bottom left","badge_corner_radius":16,"sale_badge_color_scheme":"accent-2","sold_out_badge_color_scheme":"inverse","accent_icons":"text","social_twitter_link":"","social_facebook_link":"","social_pinterest_link":"","social_instagram_link":"","social_tiktok_link":"","social_tumblr_link":"","social_snapchat_link":"","social_youtube_link":"","social_vimeo_link":"","predictive_search_enabled":true,"predictive_search_show_vendor":false,"predictive_search_show_price":false,"currency_code_enabled":true,"cart_type":"notification","show_vendor":false,"show_cart_note":false,"sections":{"announcement-bar":{"type":"announcement-bar","blocks":{"announcement-bar-0":{"type":"announcement","settings":{"text":"Welcome to our store","text_alignment":"center","color_scheme":"accent-1","link":""}}},"block_order":["announcement-bar-0"],"settings":{}},"header":{"type":"header","settings":{"color_scheme":"background-1","logo":"{{ shop.brand.logo }}","logo_width":80,"logo_position":"top-center","menu":"main-menu","menu_type_desktop":"mega","show_line_separator":false,"enable_sticky_header":false,"mobile_logo_position":"center","margin_bottom":0,"padding_top":20,"padding_bottom":20}},"footer":{"type":"footer","settings":{"color_scheme":"accent-1","newsletter_enable":false,"newsletter_heading":"","show_social":true,"enable_country_selector":true,"enable_language_selector":true,"payment_enable":true,"margin_top":0,"padding_top":0,"padding_bottom":76}},"main-password-header":{"type":"main-password-header","settings":{"logo":"{{ shop.brand.logo }}","logo_max_width":100,"color_scheme":"background-1"}},"main-password-footer":{"type":"main-password-footer","settings":{"color_scheme":"background-1"}}}}}}